BNDSS_ID,Provider,Year,Population,WaterUse_AFY,GPCD,Basin,County,CountyFraction,County2,County2Fraction,County3,County3Fraction
DenverWater,Denver Water,2000,500000,211000,376.73,Metro,Denver,1,,,,
DenverWater,Denver Water,2001,500000,211000,376.73,Metro,Denver,1,,,,
DenverWater,Denver Water,2002,500000,211000,376.73,Metro,Denver,1,,,,
DenverWater,Denver Water,2003,500000,211000,376.73,Metro,Denver,1,,,,
DenverWater,Denver Water,2004,500000,211000,376.73,Metro,Denver,1,,,,
DenverWater,Denver Water,2005,500000,211000,376.73,Metro,Denver,1,,,,
DenverWater,Denver Water,2006,500000,211000,376.73,Metro,Denver,1,,,,
DenverWater,Denver Water,2007,500000,211000,376.73,Metro,Denver,1,,,,
DenverWater,Denver Water,2008,1154000,211000,163.23,Metro,Denver,1,,,,
DenverWater,Denver Water,2009,1154000,211000,163.23,Metro,Denver,1,,,,
DenverWater,Denver Water,2010,1154000,211000,163.23,Metro,Denver,1,,,,
DenverWater,Denver Water,2011,1154000,211000,163.23,Metro,Denver,1,,,,
DenverWater,Denver Water,2012,1154000,211000,163.23,Metro,Denver,1,,,,
DenverWater,Denver Water,2013,1161000,176315,135.57,Metro,Denver,1,,,,
DenverWater,Denver Water,2014,1172000,177563,135.25,Metro,Denver,1,,,,
DenverWater,Denver Water,2015,1210000,174829,128.99,Metro,Denver,1,,,,
Aurora,City of Aurora,2000,275936,50885,164.63,Metro,Arapahoe,1,Adams,1,,
Aurora,City of Aurora,2001,275936,50885,164.63,Metro,Arapahoe,1,Adams,1,,
Aurora,City of Aurora,2002,275936,50885,164.63,Metro,Arapahoe,1,Adams,1,,
Aurora,City of Aurora,2003,275936,50885,164.63,Metro,Arapahoe,1,Adams,1,,
Aurora,City of Aurora,2004,275936,50885,164.63,Metro,Arapahoe,1,Adams,1,,
Aurora,City of Aurora,2005,303833,50885,149.51,Metro,Arapahoe,1,Adams,1,,
Aurora,City of Aurora,2006,303833,52708,154.87,Metro,Arapahoe,1,Adams,1,,
Aurora,City of Aurora,2007,306908,52708,153.32,Metro,Arapahoe,1,Adams,1,,
Aurora,City of Aurora,2008,313144,48201,137.42,Metro,Arapahoe,1,Adams,1,,
Aurora,City of Aurora,2009,313144,48201,137.42,Metro,Arapahoe,1,Adams,1,,
Aurora,City of Aurora,2010,313144,48201,137.42,Metro,Arapahoe,1,Adams,1,,
Aurora,City of Aurora,2011,313144,48201,137.42,Metro,Arapahoe,1,Adams,1,,
Aurora,City of Aurora,2012,313144,48201,137.42,Metro,Arapahoe,1,Adams,1,,
Aurora,City of Aurora,2013,351200,44843,113.99,Metro,Arapahoe,1,Adams,1,,
Aurora,City of Aurora,2014,351200,44845,113.99,Metro,Arapahoe,1,Adams,1,,
Aurora,City of Aurora,2015,351200,46576,118.39,Metro,Arapahoe,1,Adams,1,,
FCLWD,Fort Collins-Loveland Water District (FCLWD),2000,23529,7036,266.96,South Platte,Larimer,1,,,,
FCLWD,Fort Collins-Loveland Water District (FCLWD),2001,25314,7340,258.86,South Platte,Larimer,1,,,,
FCLWD,Fort Collins-Loveland Water District (FCLWD),2002,27649,7612,245.78,South Platte,Larimer,1,,,,
FCLWD,Fort Collins-Loveland Water District (FCLWD),2003,30377,6227,183,South Platte,Larimer,1,,,,
FCLWD,Fort Collins-Loveland Water District (FCLWD),2004,33138,6227,167.75,South Platte,Larimer,1,,,,
FCLWD,Fort Collins-Loveland Water District (FCLWD),2005,35640,6227,155.98,South Platte,Larimer,1,,,,
FCLWD,Fort Collins-Loveland Water District (FCLWD),2006,44400,10750,216.15,South Platte,Larimer,1,,,,
FCLWD,Fort Collins-Loveland Water District (FCLWD),2007,44400,10750,216.15,South Platte,Larimer,1,,,,
FCLWD,Fort Collins-Loveland Water District (FCLWD),2008,44400,10750,216.15,South Platte,Larimer,1,,,,
FCLWD,Fort Collins-Loveland Water District (FCLWD),2009,44400,10750,216.15,South Platte,Larimer,1,,,,
FCLWD,Fort Collins-Loveland Water District (FCLWD),2010,44400,10750,216.15,South Platte,Larimer,1,,,,
FCLWD,Fort Collins-Loveland Water District (FCLWD),2011,44400,10750,216.15,South Platte,Larimer,1,,,,
FCLWD,Fort Collins-Loveland Water District (FCLWD),2012,44400,10750,216.15,South Platte,Larimer,1,,,,
FCLWD,Fort Collins-Loveland Water District (FCLWD),2013,41916,9205,196.05,South Platte,Larimer,1,,,,
FCLWD,Fort Collins-Loveland Water District (FCLWD),2014,43159,8728,180.54,South Platte,Larimer,1,,,,
FCLWD,Fort Collins-Loveland Water District (FCLWD),2015,43128,8644,178.93,South Platte,Larimer,1,,,,
FCLWD,Fort Collins-Loveland Water District (FCLWD),2016,44061,10222,207.11,South Platte,Larimer,1,,,,
Broomfield,City and County of Broomfield,2000,38270,9670,225.57,Metro,Broomfield,1,,,,
Broomfield,City and County of Broomfield,2001,41400,9420,203.13,Metro,Broomfield,1,,,,
Broomfield,City and County of Broomfield,2002,43000,10100,209.69,Metro,Broomfield,1,,,,
Broomfield,City and County of Broomfield,2003,44400,9390,188.8,Metro,Broomfield,1,,,,
Broomfield,City and County of Broomfield,2004,46400,9390,180.66,Metro,Broomfield,1,,,,
Broomfield,City and County of Broomfield,2005,46400,9390,180.66,Metro,Broomfield,1,,,,
Broomfield,City and County of Broomfield,2006,46400,9390,180.66,Metro,Broomfield,1,,,,
Broomfield,City and County of Broomfield,2007,46400,9390,180.66,Metro,Broomfield,1,,,,
Broomfield,City and County of Broomfield,2008,54000,10723,177.27,Metro,Broomfield,1,,,,
Broomfield,City and County of Broomfield,2009,54000,10723,177.27,Metro,Broomfield,1,,,,
Broomfield,City and County of Broomfield,2010,54000,10723,177.27,Metro,Broomfield,1,,,,
Broomfield,City and County of Broomfield,2011,54000,10723,177.27,Metro,Broomfield,1,,,,
Broomfield,City and County of Broomfield,2012,54000,10723,177.27,Metro,Broomfield,1,,,,
Broomfield,City and County of Broomfield,2013,54000,10723,177.27,Metro,Broomfield,1,,,,
Broomfield,City and County of Broomfield,2014,54000,10723,177.27,Metro,Broomfield,1,,,,
Broomfield,City and County of Broomfield,2015,54000,10723,177.27,Metro,Broomfield,1,,,,
Edgewater,City of Edgewater,2000,5125,723,125.94,Metro,Jefferson,1,,,,
Edgewater,City of Edgewater,2001,5125,723,125.94,Metro,Jefferson,1,,,,
Edgewater,City of Edgewater,2002,5125,723,125.94,Metro,Jefferson,1,,,,
Edgewater,City of Edgewater,2003,5125,723,125.94,Metro,Jefferson,1,,,,
Edgewater,City of Edgewater,2004,5125,723,125.94,Metro,Jefferson,1,,,,
Edgewater,City of Edgewater,2005,5125,723,125.94,Metro,Jefferson,1,,,,
Edgewater,City of Edgewater,2006,5407,723,119.37,Metro,Jefferson,1,,,,
Edgewater,City of Edgewater,2007,5407,723,119.37,Metro,Jefferson,1,,,,
Edgewater,City of Edgewater,2008,5407,723,119.37,Metro,Jefferson,1,,,,
Edgewater,City of Edgewater,2009,5407,723,119.37,Metro,Jefferson,1,,,,
Edgewater,City of Edgewater,2010,5407,723,119.37,Metro,Jefferson,1,,,,
Edgewater,City of Edgewater,2011,5407,723,119.37,Metro,Jefferson,1,,,,
Edgewater,City of Edgewater,2012,5407,723,119.37,Metro,Jefferson,1,,,,
Edgewater,City of Edgewater,2013,5407,723,119.37,Metro,Jefferson,1,,,,
Edgewater,City of Edgewater,2014,5407,723,119.37,Metro,Jefferson,1,,,,
Edgewater,City of Edgewater,2015,5407,723,119.37,Metro,Jefferson,1,,,,
AvondaleWSD,Avondale Water & Sanitation District,2000,754,163,192.99,Arkansas,Pueblo,1,,,,
AvondaleWSD,Avondale Water & Sanitation District,2001,754,163,192.99,Arkansas,Pueblo,1,,,,
AvondaleWSD,Avondale Water & Sanitation District,2002,754,163,192.99,Arkansas,Pueblo,1,,,,
AvondaleWSD,Avondale Water & Sanitation District,2003,754,163,192.99,Arkansas,Pueblo,1,,,,
AvondaleWSD,Avondale Water & Sanitation District,2004,754,163,192.99,Arkansas,Pueblo,1,,,,
AvondaleWSD,Avondale Water & Sanitation District,2005,754,163,192.99,Arkansas,Pueblo,1,,,,
AvondaleWSD,Avondale Water & Sanitation District,2006,754,163,192.99,Arkansas,Pueblo,1,,,,
AvondaleWSD,Avondale Water & Sanitation District,2007,754,163,192.99,Arkansas,Pueblo,1,,,,
AvondaleWSD,Avondale Water & Sanitation District,2008,754,163,192.99,Arkansas,Pueblo,1,,,,
AvondaleWSD,Avondale Water & Sanitation District,2009,754,163,192.99,Arkansas,Pueblo,1,,,,
AvondaleWSD,Avondale Water & Sanitation District,2010,2000,163,72.76,Arkansas,Pueblo,1,,,,
AvondaleWSD,Avondale Water & Sanitation District,2011,2000,163,72.76,Arkansas,Pueblo,1,,,,
AvondaleWSD,Avondale Water & Sanitation District,2012,2000,163,72.76,Arkansas,Pueblo,1,,,,
AvondaleWSD,Avondale Water & Sanitation District,2013,2000,163,72.76,Arkansas,Pueblo,1,,,,
AvondaleWSD,Avondale Water & Sanitation District,2014,2000,163,72.76,Arkansas,Pueblo,1,,,,
AvondaleWSD,Avondale Water & Sanitation District,2015,2000,163,72.76,Arkansas,Pueblo,1,,,,
BeehiveWAS,Beehive Water Association,2000,165,8,43.28,Arkansas,Otero,1,,,,
BeehiveWAS,Beehive Water Association,2001,165,8,43.28,Arkansas,Otero,1,,,,
BeehiveWAS,Beehive Water Association,2002,165,8,43.28,Arkansas,Otero,1,,,,
BeehiveWAS,Beehive Water Association,2003,165,8,43.28,Arkansas,Otero,1,,,,
BeehiveWAS,Beehive Water Association,2004,165,8,43.28,Arkansas,Otero,1,,,,
BeehiveWAS,Beehive Water Association,2005,165,8,43.28,Arkansas,Otero,1,,,,
BeehiveWAS,Beehive Water Association,2006,165,8,43.28,Arkansas,Otero,1,,,,
BeehiveWAS,Beehive Water Association,2007,165,8,43.28,Arkansas,Otero,1,,,,
BeehiveWAS,Beehive Water Association,2008,165,8,43.28,Arkansas,Otero,1,,,,
BeehiveWAS,Beehive Water Association,2009,165,8,43.28,Arkansas,Otero,1,,,,
BeehiveWAS,Beehive Water Association,2010,165,8,43.28,Arkansas,Otero,1,,,,
BeehiveWAS,Beehive Water Association,2011,165,8,43.28,Arkansas,Otero,1,,,,
BeehiveWAS,Beehive Water Association,2012,165,8,43.28,Arkansas,Otero,1,,,,
BeehiveWAS,Beehive Water Association,2013,165,8,43.28,Arkansas,Otero,1,,,,
BeehiveWAS,Beehive Water Association,2014,165,8,43.28,Arkansas,Otero,1,,,,
BeehiveWAS,Beehive Water Association,2015,165,8,43.28,Arkansas,Otero,1,,,,
BentsFortWA,Bents Fort Water Association,2000,1520,63,37,Arkansas,Bent,1,,,,
BentsFortWA,Bents Fort Water Association,2001,1520,63,37,Arkansas,Bent,1,,,,
BentsFortWA,Bents Fort Water Association,2002,1520,63,37,Arkansas,Bent,1,,,,
BentsFortWA,Bents Fort Water Association,2003,1520,63,37,Arkansas,Bent,1,,,,
BentsFortWA,Bents Fort Water Association,2004,1520,63,37,Arkansas,Bent,1,,,,
BentsFortWA,Bents Fort Water Association,2005,1520,63,37,Arkansas,Bent,1,,,,
BentsFortWA,Bents Fort Water Association,2006,1520,63,37,Arkansas,Bent,1,,,,
BentsFortWA,Bents Fort Water Association,2007,1520,63,37,Arkansas,Bent,1,,,,
BentsFortWA,Bents Fort Water Association,2008,1520,63,37,Arkansas,Bent,1,,,,
BentsFortWA,Bents Fort Water Association,2009,900,63,62.49,Arkansas,Bent,1,,,,
BentsFortWA,Bents Fort Water Association,2010,900,63,62.49,Arkansas,Bent,1,,,,
BentsFortWA,Bents Fort Water Association,2011,900,63,62.49,Arkansas,Bent,1,,,,
BentsFortWA,Bents Fort Water Association,2012,900,63,62.49,Arkansas,Bent,1,,,,
BentsFortWA,Bents Fort Water Association,2013,900,63,62.49,Arkansas,Bent,1,,,,
BentsFortWA,Bents Fort Water Association,2014,900,63,62.49,Arkansas,Bent,1,,,,
BentsFortWA,Bents Fort Water Association,2015,900,63,62.49,Arkansas,Bent,1,,,,
Boone,Town of Boone,2000,350,66,168.34,Arkansas,Pueblo,1,,,,
Boone,Town of Boone,2001,350,66,168.34,Arkansas,Pueblo,1,,,,
Boone,Town of Boone,2002,350,66,168.34,Arkansas,Pueblo,1,,,,
Boone,Town of Boone,2003,350,66,168.34,Arkansas,Pueblo,1,,,,
Boone,Town of Boone,2004,350,66,168.34,Arkansas,Pueblo,1,,,,
Boone,Town of Boone,2005,350,66,168.34,Arkansas,Pueblo,1,,,,
Boone,Town of Boone,2006,350,66,168.34,Arkansas,Pueblo,1,,,,
Boone,Town of Boone,2007,350,66,168.34,Arkansas,Pueblo,1,,,,
Boone,Town of Boone,2008,350,66,168.34,Arkansas,Pueblo,1,,,,
Boone,Town of Boone,2009,350,66,168.34,Arkansas,Pueblo,1,,,,
Boone,Town of Boone,2010,350,66,168.34,Arkansas,Pueblo,1,,,,
Boone,Town of Boone,2011,350,66,168.34,Arkansas,Pueblo,1,,,,
Boone,Town of Boone,2012,350,66,168.34,Arkansas,Pueblo,1,,,,
Boone,Town of Boone,2013,350,66,168.34,Arkansas,Pueblo,1,,,,
Boone,Town of Boone,2014,350,66,168.34,Arkansas,Pueblo,1,,,,
Boone,Town of Boone,2015,350,66,168.34,Arkansas,Pueblo,1,,,,
BuenaVista,Town of Buena Vista,2000,2888,921,284.7,Arkansas,Chaffee,1,,,,
BuenaVista,Town of Buena Vista,2001,2888,921,284.7,Arkansas,Chaffee,1,,,,
BuenaVista,Town of Buena Vista,2002,2888,921,284.7,Arkansas,Chaffee,1,,,,
BuenaVista,Town of Buena Vista,2003,2888,921,284.7,Arkansas,Chaffee,1,,,,
BuenaVista,Town of Buena Vista,2004,2888,921,284.7,Arkansas,Chaffee,1,,,,
BuenaVista,Town of Buena Vista,2005,2993,921,274.71,Arkansas,Chaffee,1,,,,
BuenaVista,Town of Buena Vista,2006,2993,921,274.71,Arkansas,Chaffee,1,,,,
BuenaVista,Town of Buena Vista,2007,2993,921,274.71,Arkansas,Chaffee,1,,,,
BuenaVista,Town of Buena Vista,2008,2993,921,274.71,Arkansas,Chaffee,1,,,,
BuenaVista,Town of Buena Vista,2009,2993,921,274.71,Arkansas,Chaffee,1,,,,
BuenaVista,Town of Buena Vista,2010,2993,921,274.71,Arkansas,Chaffee,1,,,,
BuenaVista,Town of Buena Vista,2011,2993,921,274.71,Arkansas,Chaffee,1,,,,
BuenaVista,Town of Buena Vista,2012,2993,921,274.71,Arkansas,Chaffee,1,,,,
BuenaVista,Town of Buena Vista,2013,2993,921,274.71,Arkansas,Chaffee,1,,,,
BuenaVista,Town of Buena Vista,2014,2993,921,274.71,Arkansas,Chaffee,1,,,,
BuenaVista,Town of Buena Vista,2015,2993,921,274.71,Arkansas,Chaffee,1,,,,
CliftonWD,Clifton Water District,2000,36271,4011,98.72,Colorado,Mesa,1,,,,
CliftonWD,Clifton Water District,2001,36271,4011,98.72,Colorado,Mesa,1,,,,
CliftonWD,Clifton Water District,2002,36271,4011,98.72,Colorado,Mesa,1,,,,
CliftonWD,Clifton Water District,2003,36271,4011,98.72,Colorado,Mesa,1,,,,
CliftonWD,Clifton Water District,2004,36271,4011,98.72,Colorado,Mesa,1,,,,
CliftonWD,Clifton Water District,2005,36271,4011,98.72,Colorado,Mesa,1,,,,
CliftonWD,Clifton Water District,2006,36271,4011,98.72,Colorado,Mesa,1,,,,
CliftonWD,Clifton Water District,2007,36271,4011,98.72,Colorado,Mesa,1,,,,
CliftonWD,Clifton Water District,2008,36271,4011,98.72,Colorado,Mesa,1,,,,
CliftonWD,Clifton Water District,2009,36271,4011,98.72,Colorado,Mesa,1,,,,
CliftonWD,Clifton Water District,2010,36271,4011,98.72,Colorado,Mesa,1,,,,
CliftonWD,Clifton Water District,2011,36271,4011,98.72,Colorado,Mesa,1,,,,
CliftonWD,Clifton Water District,2012,36271,4011,98.72,Colorado,Mesa,1,,,,
CliftonWD,Clifton Water District,2013,36271,4011,98.72,Colorado,Mesa,1,,,,
CliftonWD,Clifton Water District,2014,36271,4011,98.72,Colorado,Mesa,1,,,,
CliftonWD,Clifton Water District,2015,36271,4011,98.72,Colorado,Mesa,1,,,,
Collbran,Town of Collbran,2000,728,128,156.96,Colorado,Mesa,1,,,,
Collbran,Town of Collbran,2001,728,128,156.96,Colorado,Mesa,1,,,,
Collbran,Town of Collbran,2002,728,128,156.96,Colorado,Mesa,1,,,,
Collbran,Town of Collbran,2003,728,128,156.96,Colorado,Mesa,1,,,,
Collbran,Town of Collbran,2004,728,128,156.96,Colorado,Mesa,1,,,,
Collbran,Town of Collbran,2005,728,128,156.96,Colorado,Mesa,1,,,,
Collbran,Town of Collbran,2006,728,128,156.96,Colorado,Mesa,1,,,,
Collbran,Town of Collbran,2007,728,128,156.96,Colorado,Mesa,1,,,,
Collbran,Town of Collbran,2008,728,128,156.96,Colorado,Mesa,1,,,,
Collbran,Town of Collbran,2009,728,128,156.96,Colorado,Mesa,1,,,,
Collbran,Town of Collbran,2010,728,128,156.96,Colorado,Mesa,1,,,,
Collbran,Town of Collbran,2011,728,128,156.96,Colorado,Mesa,1,,,,
Collbran,Town of Collbran,2012,728,128,156.96,Colorado,Mesa,1,,,,
Collbran,Town of Collbran,2013,728,128,156.96,Colorado,Mesa,1,,,,
Collbran,Town of Collbran,2014,728,128,156.96,Colorado,Mesa,1,,,,
Collbran,Town of Collbran,2015,728,128,156.96,Colorado,Mesa,1,,,,
CopperMtConsMD,Copper Mountain Consolidated Metropolitan District,2000,3000,1675,498.44,Colorado,Summit,1,,,,
CopperMtConsMD,Copper Mountain Consolidated Metropolitan District,2001,3000,1675,498.44,Colorado,Summit,1,,,,
CopperMtConsMD,Copper Mountain Consolidated Metropolitan District,2002,3000,1675,498.44,Colorado,Summit,1,,,,
CopperMtConsMD,Copper Mountain Consolidated Metropolitan District,2003,3000,1675,498.44,Colorado,Summit,1,,,,
CopperMtConsMD,Copper Mountain Consolidated Metropolitan District,2004,3000,1675,498.44,Colorado,Summit,1,,,,
CopperMtConsMD,Copper Mountain Consolidated Metropolitan District,2005,3000,1675,498.44,Colorado,Summit,1,,,,
CopperMtConsMD,Copper Mountain Consolidated Metropolitan District,2006,3000,1675,498.44,Colorado,Summit,1,,,,
CopperMtConsMD,Copper Mountain Consolidated Metropolitan District,2007,3000,1675,498.44,Colorado,Summit,1,,,,
CopperMtConsMD,Copper Mountain Consolidated Metropolitan District,2008,3000,1675,498.44,Colorado,Summit,1,,,,
CopperMtConsMD,Copper Mountain Consolidated Metropolitan District,2009,3000,1675,498.44,Colorado,Summit,1,,,,
CopperMtConsMD,Copper Mountain Consolidated Metropolitan District,2010,3000,1675,498.44,Colorado,Summit,1,,,,
CopperMtConsMD,Copper Mountain Consolidated Metropolitan District,2011,3000,1675,498.44,Colorado,Summit,1,,,,
CopperMtConsMD,Copper Mountain Consolidated Metropolitan District,2012,3000,1675,498.44,Colorado,Summit,1,,,,
CopperMtConsMD,Copper Mountain Consolidated Metropolitan District,2013,3000,1675,498.44,Colorado,Summit,1,,,,
CopperMtConsMD,Copper Mountain Consolidated Metropolitan District,2014,3000,1675,498.44,Colorado,Summit,1,,,,
CopperMtConsMD,Copper Mountain Consolidated Metropolitan District,2015,3000,1675,498.44,Colorado,Summit,1,,,,
CordilleraMD,Cordillera Metropolitan District,2000,3136,513,146.04,Colorado,Eagle,1,,,,
CordilleraMD,Cordillera Metropolitan District,2001,3136,513,146.04,Colorado,Eagle,1,,,,
CordilleraMD,Cordillera Metropolitan District,2002,3136,513,146.04,Colorado,Eagle,1,,,,
CordilleraMD,Cordillera Metropolitan District,2003,3136,513,146.04,Colorado,Eagle,1,,,,
CordilleraMD,Cordillera Metropolitan District,2004,3136,513,146.04,Colorado,Eagle,1,,,,
CordilleraMD,Cordillera Metropolitan District,2005,3136,513,146.04,Colorado,Eagle,1,,,,
CordilleraMD,Cordillera Metropolitan District,2006,3136,513,146.04,Colorado,Eagle,1,,,,
CordilleraMD,Cordillera Metropolitan District,2007,3136,513,146.04,Colorado,Eagle,1,,,,
CordilleraMD,Cordillera Metropolitan District,2008,3136,513,146.04,Colorado,Eagle,1,,,,
CordilleraMD,Cordillera Metropolitan District,2009,3136,513,146.04,Colorado,Eagle,1,,,,
CordilleraMD,Cordillera Metropolitan District,2010,3136,513,146.04,Colorado,Eagle,1,,,,
CordilleraMD,Cordillera Metropolitan District,2011,3136,513,146.04,Colorado,Eagle,1,,,,
CordilleraMD,Cordillera Metropolitan District,2012,3136,513,146.04,Colorado,Eagle,1,,,,
CordilleraMD,Cordillera Metropolitan District,2013,3136,513,146.04,Colorado,Eagle,1,,,,
CordilleraMD,Cordillera Metropolitan District,2014,3136,513,146.04,Colorado,Eagle,1,,,,
CordilleraMD,Cordillera Metropolitan District,2015,3136,513,146.04,Colorado,Eagle,1,,,,
Dillon,Town of Dillon Public Works,2000,802,344,382.92,Colorado,Summit,1,,,,
Dillon,Town of Dillon Public Works,2001,802,344,382.92,Colorado,Summit,1,,,,
Dillon,Town of Dillon Public Works,2002,802,344,382.92,Colorado,Summit,1,,,,
Dillon,Town of Dillon Public Works,2003,802,344,382.92,Colorado,Summit,1,,,,
Dillon,Town of Dillon Public Works,2004,802,344,382.92,Colorado,Summit,1,,,,
Dillon,Town of Dillon Public Works,2005,802,344,382.92,Colorado,Summit,1,,,,
Dillon,Town of Dillon Public Works,2006,2700,344,113.74,Colorado,Summit,1,,,,
Dillon,Town of Dillon Public Works,2007,2700,344,113.74,Colorado,Summit,1,,,,
Dillon,Town of Dillon Public Works,2008,2992,295,88.02,Colorado,Summit,1,,,,
Dillon,Town of Dillon Public Works,2009,2992,295,88.02,Colorado,Summit,1,,,,
Dillon,Town of Dillon Public Works,2010,2992,295,88.02,Colorado,Summit,1,,,,
Dillon,Town of Dillon Public Works,2011,2992,295,88.02,Colorado,Summit,1,,,,
Dillon,Town of Dillon Public Works,2012,2992,295,88.02,Colorado,Summit,1,,,,
Dillon,Town of Dillon Public Works,2013,2992,295,88.02,Colorado,Summit,1,,,,
Dillon,Town of Dillon Public Works,2014,2992,295,88.02,Colorado,Summit,1,,,,
Dillon,Town of Dillon Public Works,2015,2992,295,88.02,Colorado,Summit,1,,,,
CoalbyDWC,Coalby Domestic Water Company,2000,235,23,87.37,Gunnison,Delta,1,,,,
CoalbyDWC,Coalby Domestic Water Company,2001,235,23,87.37,Gunnison,Delta,1,,,,
CoalbyDWC,Coalby Domestic Water Company,2002,235,23,87.37,Gunnison,Delta,1,,,,
CoalbyDWC,Coalby Domestic Water Company,2003,235,23,87.37,Gunnison,Delta,1,,,,
CoalbyDWC,Coalby Domestic Water Company,2004,235,23,87.37,Gunnison,Delta,1,,,,
CoalbyDWC,Coalby Domestic Water Company,2005,235,23,87.37,Gunnison,Delta,1,,,,
CoalbyDWC,Coalby Domestic Water Company,2006,235,23,87.37,Gunnison,Delta,1,,,,
CoalbyDWC,Coalby Domestic Water Company,2007,235,23,87.37,Gunnison,Delta,1,,,,
CoalbyDWC,Coalby Domestic Water Company,2008,235,23,87.37,Gunnison,Delta,1,,,,
CoalbyDWC,Coalby Domestic Water Company,2009,235,23,87.37,Gunnison,Delta,1,,,,
CoalbyDWC,Coalby Domestic Water Company,2010,235,23,87.37,Gunnison,Delta,1,,,,
CoalbyDWC,Coalby Domestic Water Company,2011,235,23,87.37,Gunnison,Delta,1,,,,
CoalbyDWC,Coalby Domestic Water Company,2012,235,23,87.37,Gunnison,Delta,1,,,,
CoalbyDWC,Coalby Domestic Water Company,2013,235,23,87.37,Gunnison,Delta,1,,,,
CoalbyDWC,Coalby Domestic Water Company,2014,235,23,87.37,Gunnison,Delta,1,,,,
CoalbyDWC,Coalby Domestic Water Company,2015,235,23,87.37,Gunnison,Delta,1,,,,
CrestedButte,Town of Crested Butte,2000,1530,437,254.98,Gunnison,Gunnison,1,,,,
CrestedButte,Town of Crested Butte,2001,1530,437,254.98,Gunnison,Gunnison,1,,,,
CrestedButte,Town of Crested Butte,2002,1530,437,254.98,Gunnison,Gunnison,1,,,,
CrestedButte,Town of Crested Butte,2003,1530,437,254.98,Gunnison,Gunnison,1,,,,
CrestedButte,Town of Crested Butte,2004,1530,437,254.98,Gunnison,Gunnison,1,,,,
CrestedButte,Town of Crested Butte,2005,1530,437,254.98,Gunnison,Gunnison,1,,,,
CrestedButte,Town of Crested Butte,2006,1530,437,254.98,Gunnison,Gunnison,1,,,,
CrestedButte,Town of Crested Butte,2007,1530,437,254.98,Gunnison,Gunnison,1,,,,
CrestedButte,Town of Crested Butte,2008,1530,255,148.79,Gunnison,Gunnison,1,,,,
CrestedButte,Town of Crested Butte,2009,1530,255,148.79,Gunnison,Gunnison,1,,,,
CrestedButte,Town of Crested Butte,2010,1530,255,148.79,Gunnison,Gunnison,1,,,,
CrestedButte,Town of Crested Butte,2011,1530,255,148.79,Gunnison,Gunnison,1,,,,
CrestedButte,Town of Crested Butte,2012,1530,255,148.79,Gunnison,Gunnison,1,,,,
CrestedButte,Town of Crested Butte,2013,1530,255,148.79,Gunnison,Gunnison,1,,,,
CrestedButte,Town of Crested Butte,2014,1530,255,148.79,Gunnison,Gunnison,1,,,,
CrestedButte,Town of Crested Butte,2015,1530,255,148.79,Gunnison,Gunnison,1,,,,
CrestedButteSMD,Crested Butte South Metropolitan District,2000,740,73,88.07,Gunnison,Gunnison,1,,,,
CrestedButteSMD,Crested Butte South Metropolitan District,2001,740,73,88.07,Gunnison,Gunnison,1,,,,
CrestedButteSMD,Crested Butte South Metropolitan District,2002,740,73,88.07,Gunnison,Gunnison,1,,,,
CrestedButteSMD,Crested Butte South Metropolitan District,2003,740,73,88.07,Gunnison,Gunnison,1,,,,
CrestedButteSMD,Crested Butte South Metropolitan District,2004,740,73,88.07,Gunnison,Gunnison,1,,,,
CrestedButteSMD,Crested Butte South Metropolitan District,2005,740,73,88.07,Gunnison,Gunnison,1,,,,
CrestedButteSMD,Crested Butte South Metropolitan District,2006,740,73,88.07,Gunnison,Gunnison,1,,,,
CrestedButteSMD,Crested Butte South Metropolitan District,2007,740,73,88.07,Gunnison,Gunnison,1,,,,
CrestedButteSMD,Crested Butte South Metropolitan District,2008,740,73,88.07,Gunnison,Gunnison,1,,,,
CrestedButteSMD,Crested Butte South Metropolitan District,2009,740,73,88.07,Gunnison,Gunnison,1,,,,
CrestedButteSMD,Crested Butte South Metropolitan District,2010,740,73,88.07,Gunnison,Gunnison,1,,,,
CrestedButteSMD,Crested Butte South Metropolitan District,2011,740,73,88.07,Gunnison,Gunnison,1,,,,
CrestedButteSMD,Crested Butte South Metropolitan District,2012,740,73,88.07,Gunnison,Gunnison,1,,,,
CrestedButteSMD,Crested Butte South Metropolitan District,2013,740,73,88.07,Gunnison,Gunnison,1,,,,
CrestedButteSMD,Crested Butte South Metropolitan District,2014,740,73,88.07,Gunnison,Gunnison,1,,,,
CrestedButteSMD,Crested Butte South Metropolitan District,2015,740,73,88.07,Gunnison,Gunnison,1,,,,
Delta,City of Delta (Project 7 Water Authority),2000,6400,1400,195.29,Gunnison,Delta,1,,,,
Delta,City of Delta (Project 7 Water Authority),2001,6400,1400,195.29,Gunnison,Delta,1,,,,
Delta,City of Delta (Project 7 Water Authority),2002,6400,1400,195.29,Gunnison,Delta,1,,,,
Delta,City of Delta (Project 7 Water Authority),2003,6400,1400,195.29,Gunnison,Delta,1,,,,
Delta,City of Delta (Project 7 Water Authority),2004,6400,1400,195.29,Gunnison,Delta,1,,,,
Delta,City of Delta (Project 7 Water Authority),2005,6400,1400,195.29,Gunnison,Delta,1,,,,
Delta,City of Delta (Project 7 Water Authority),2006,6400,1400,195.29,Gunnison,Delta,1,,,,
Delta,City of Delta (Project 7 Water Authority),2007,7314,1559,190.29,Gunnison,Delta,1,,,,
Delta,City of Delta (Project 7 Water Authority),2008,7353,1592,193.29,Gunnison,Delta,1,,,,
Delta,City of Delta (Project 7 Water Authority),2009,7353,1592,193.29,Gunnison,Delta,1,,,,
Delta,City of Delta (Project 7 Water Authority),2010,7353,1592,193.29,Gunnison,Delta,1,,,,
Delta,City of Delta (Project 7 Water Authority),2011,7353,1592,193.29,Gunnison,Delta,1,,,,
Delta,City of Delta (Project 7 Water Authority),2012,7353,1592,193.29,Gunnison,Delta,1,,,,
Delta,City of Delta (Project 7 Water Authority),2013,7353,1592,193.29,Gunnison,Delta,1,,,,
Delta,City of Delta (Project 7 Water Authority),2014,7353,1592,193.29,Gunnison,Delta,1,,,,
Delta,City of Delta (Project 7 Water Authority),2015,7353,1592,193.29,Gunnison,Delta,1,,,,
FruitlandDWC,Fruitland Domestic Water Company,2000,350,119,303.53,Gunnison,Delta,1,,,,
FruitlandDWC,Fruitland Domestic Water Company,2001,350,119,303.53,Gunnison,Delta,1,,,,
FruitlandDWC,Fruitland Domestic Water Company,2002,350,119,303.53,Gunnison,Delta,1,,,,
FruitlandDWC,Fruitland Domestic Water Company,2003,350,119,303.53,Gunnison,Delta,1,,,,
FruitlandDWC,Fruitland Domestic Water Company,2004,350,119,303.53,Gunnison,Delta,1,,,,
FruitlandDWC,Fruitland Domestic Water Company,2005,350,119,303.53,Gunnison,Delta,1,,,,
FruitlandDWC,Fruitland Domestic Water Company,2006,350,119,303.53,Gunnison,Delta,1,,,,
FruitlandDWC,Fruitland Domestic Water Company,2007,350,119,303.53,Gunnison,Delta,1,,,,
FruitlandDWC,Fruitland Domestic Water Company,2008,350,119,303.53,Gunnison,Delta,1,,,,
FruitlandDWC,Fruitland Domestic Water Company,2009,350,119,303.53,Gunnison,Delta,1,,,,
FruitlandDWC,Fruitland Domestic Water Company,2010,350,119,303.53,Gunnison,Delta,1,,,,
FruitlandDWC,Fruitland Domestic Water Company,2011,350,119,303.53,Gunnison,Delta,1,,,,
FruitlandDWC,Fruitland Domestic Water Company,2012,350,119,303.53,Gunnison,Delta,1,,,,
FruitlandDWC,Fruitland Domestic Water Company,2013,350,119,303.53,Gunnison,Delta,1,,,,
Craig,City of Craig Public Works Department,2000,9189,1980,192.36,Yampa,Moffat,1,,,,
Craig,City of Craig Public Works Department,2001,9189,1980,192.36,Yampa,Moffat,1,,,,
Craig,City of Craig Public Works Department,2002,9189,1980,192.36,Yampa,Moffat,1,,,,
Craig,City of Craig Public Works Department,2003,9189,1980,192.36,Yampa,Moffat,1,,,,
Craig,City of Craig Public Works Department,2004,9189,1980,192.36,Yampa,Moffat,1,,,,
Craig,City of Craig Public Works Department,2005,9189,1980,192.36,Yampa,Moffat,1,,,,
Craig,City of Craig Public Works Department,2006,9143,1980,193.33,Yampa,Moffat,1,,,,
Craig,City of Craig Public Works Department,2007,9143,1980,193.33,Yampa,Moffat,1,,,,
Craig,City of Craig Public Works Department,2008,9743,2130,195.17,Yampa,Moffat,1,,,,
Craig,City of Craig Public Works Department,2009,9743,2130,195.17,Yampa,Moffat,1,,,,
Craig,City of Craig Public Works Department,2010,9743,2130,195.17,Yampa,Moffat,1,,,,
Craig,City of Craig Public Works Department,2011,9743,2130,195.17,Yampa,Moffat,1,,,,
Craig,City of Craig Public Works Department,2012,9743,2130,195.17,Yampa,Moffat,1,,,,
Craig,City of Craig Public Works Department,2013,9743,2130,195.17,Yampa,Moffat,1,,,,
Craig,City of Craig Public Works Department,2014,9743,2130,195.17,Yampa,Moffat,1,,,,
Craig,City of Craig Public Works Department,2015,9743,2130,195.17,Yampa,Moffat,1,,,,
Dinosaur,Town of Dinosaur,2000,319,68,190.3,Yampa,Moffat,1,,,,
Dinosaur,Town of Dinosaur,2001,319,68,190.3,Yampa,Moffat,1,,,,
Dinosaur,Town of Dinosaur,2002,319,68,190.3,Yampa,Moffat,1,,,,
Dinosaur,Town of Dinosaur,2003,319,68,190.3,Yampa,Moffat,1,,,,
Dinosaur,Town of Dinosaur,2004,319,68,190.3,Yampa,Moffat,1,,,,
Dinosaur,Town of Dinosaur,2005,319,68,190.3,Yampa,Moffat,1,,,,
Dinosaur,Town of Dinosaur,2006,340,68,178.55,Yampa,Moffat,1,,,,
Dinosaur,Town of Dinosaur,2007,340,68,178.55,Yampa,Moffat,1,,,,
Dinosaur,Town of Dinosaur,2008,340,68,178.55,Yampa,Moffat,1,,,,
Dinosaur,Town of Dinosaur,2009,340,68,178.55,Yampa,Moffat,1,,,,
Dinosaur,Town of Dinosaur,2010,340,68,178.55,Yampa,Moffat,1,,,,
Dinosaur,Town of Dinosaur,2011,340,68,178.55,Yampa,Moffat,1,,,,
Dinosaur,Town of Dinosaur,2012,340,68,178.55,Yampa,Moffat,1,,,,
Dinosaur,Town of Dinosaur,2013,340,68,178.55,Yampa,Moffat,1,,,,
Dinosaur,Town of Dinosaur,2014,340,68,178.55,Yampa,Moffat,1,,,,
Dinosaur,Town of Dinosaur,2015,340,68,178.55,Yampa,Moffat,1,,,,
Hayden,Town of Hayden,2000,1634,290,158.44,Yampa,Routt,1,,,,
Hayden,Town of Hayden,2001,1634,290,158.44,Yampa,Routt,1,,,,
Hayden,Town of Hayden,2002,1634,290,158.44,Yampa,Routt,1,,,,
Hayden,Town of Hayden,2003,1634,290,158.44,Yampa,Routt,1,,,,
Hayden,Town of Hayden,2004,1634,290,158.44,Yampa,Routt,1,,,,
Hayden,Town of Hayden,2005,1634,290,158.44,Yampa,Routt,1,,,,
Hayden,Town of Hayden,2006,1539,290,168.22,Yampa,Routt,1,,,,
Hayden,Town of Hayden,2007,1539,290,168.22,Yampa,Routt,1,,,,
Hayden,Town of Hayden,2008,1539,290,168.22,Yampa,Routt,1,,,,
Hayden,Town of Hayden,2009,1539,290,168.22,Yampa,Routt,1,,,,
Hayden,Town of Hayden,2010,1539,290,168.22,Yampa,Routt,1,,,,
Hayden,Town of Hayden,2011,1539,290,168.22,Yampa,Routt,1,,,,
Hayden,Town of Hayden,2012,1539,290,168.22,Yampa,Routt,1,,,,
Hayden,Town of Hayden,2013,1539,290,168.22,Yampa,Routt,1,,,,
Hayden,Town of Hayden,2014,1539,290,168.22,Yampa,Routt,1,,,,
Hayden,Town of Hayden,2015,1539,290,168.22,Yampa,Routt,1,,,,
Meeker,Town of Meeker,2000,2242,614,244.49,Yampa,Rio Blanco,1,,,,
Meeker,Town of Meeker,2001,2242,614,244.49,Yampa,Rio Blanco,1,,,,
Meeker,Town of Meeker,2002,2242,614,244.49,Yampa,Rio Blanco,1,,,,
Meeker,Town of Meeker,2003,2242,614,244.49,Yampa,Rio Blanco,1,,,,
Meeker,Town of Meeker,2004,2242,614,244.49,Yampa,Rio Blanco,1,,,,
Meeker,Town of Meeker,2005,2242,614,244.49,Yampa,Rio Blanco,1,,,,
Meeker,Town of Meeker,2006,2222,614,246.69,Yampa,Rio Blanco,1,,,,
Meeker,Town of Meeker,2007,2222,614,246.69,Yampa,Rio Blanco,1,,,,
Meeker,Town of Meeker,2008,2222,614,246.69,Yampa,Rio Blanco,1,,,,
Meeker,Town of Meeker,2009,2222,614,246.69,Yampa,Rio Blanco,1,,,,
Meeker,Town of Meeker,2010,2222,614,246.69,Yampa,Rio Blanco,1,,,,
Meeker,Town of Meeker,2011,2222,614,246.69,Yampa,Rio Blanco,1,,,,
Meeker,Town of Meeker,2012,2222,614,246.69,Yampa,Rio Blanco,1,,,,
Meeker,Town of Meeker,2013,2222,614,246.69,Yampa,Rio Blanco,1,,,,
Meeker,Town of Meeker,2014,2222,614,246.69,Yampa,Rio Blanco,1,,,,
Meeker,Town of Meeker,2015,2222,614,246.69,Yampa,Rio Blanco,1,,,,
MtWernerWSD,Mount Werner Water & Sanitation District,2000,10081,1449,128.32,Yampa,Routt,1,,,,
MtWernerWSD,Mount Werner Water & Sanitation District,2001,10081,1449,128.32,Yampa,Routt,1,,,,
MtWernerWSD,Mount Werner Water & Sanitation District,2002,10081,1449,128.32,Yampa,Routt,1,,,,
MtWernerWSD,Mount Werner Water & Sanitation District,2003,10081,1449,128.32,Yampa,Routt,1,,,,
MtWernerWSD,Mount Werner Water & Sanitation District,2004,10081,1449,128.32,Yampa,Routt,1,,,,
MtWernerWSD,Mount Werner Water & Sanitation District,2005,10081,1449,128.32,Yampa,Routt,1,,,,
MtWernerWSD,Mount Werner Water & Sanitation District,2006,10081,1449,128.32,Yampa,Routt,1,,,,
MtWernerWSD,Mount Werner Water & Sanitation District,2007,10081,1449,128.32,Yampa,Routt,1,,,,
MtWernerWSD,Mount Werner Water & Sanitation District,2008,10081,1449,128.32,Yampa,Routt,1,,,,
MtWernerWSD,Mount Werner Water & Sanitation District,2009,10081,1449,128.32,Yampa,Routt,1,,,,
MtWernerWSD,Mount Werner Water & Sanitation District,2010,10081,1449,128.32,Yampa,Routt,1,,,,
MtWernerWSD,Mount Werner Water & Sanitation District,2011,10081,1449,128.32,Yampa,Routt,1,,,,
MtWernerWSD,Mount Werner Water & Sanitation District,2012,10081,1449,128.32,Yampa,Routt,1,,,,
MtWernerWSD,Mount Werner Water & Sanitation District,2013,4980,1449,259.75,Yampa,Routt,1,,,,
MtWernerWSD,Mount Werner Water & Sanitation District,2014,4980,1449,259.75,Yampa,Routt,1,,,,
MtWernerWSD,Mount Werner Water & Sanitation District,2015,4980,1449,259.75,Yampa,Routt,1,,,,
OakCrk,Town of Oak Creek Public Works,2000,849,261,274.44,Yampa,Routt,1,,,,
OakCrk,Town of Oak Creek Public Works,2001,849,261,274.44,Yampa,Routt,1,,,,
OakCrk,Town of Oak Creek Public Works,2002,849,261,274.44,Yampa,Routt,1,,,,
OakCrk,Town of Oak Creek Public Works,2003,849,261,274.44,Yampa,Routt,1,,,,
OakCrk,Town of Oak Creek Public Works,2004,849,261,274.44,Yampa,Routt,1,,,,
OakCrk,Town of Oak Creek Public Works,2005,849,261,274.44,Yampa,Routt,1,,,,
OakCrk,Town of Oak Creek Public Works,2006,797,261,292.35,Yampa,Routt,1,,,,
OakCrk,Town of Oak Creek Public Works,2007,797,261,292.35,Yampa,Routt,1,,,,
OakCrk,Town of Oak Creek Public Works,2008,797,261,292.35,Yampa,Routt,1,,,,
OakCrk,Town of Oak Creek Public Works,2009,797,261,292.35,Yampa,Routt,1,,,,
OakCrk,Town of Oak Creek Public Works,2010,797,261,292.35,Yampa,Routt,1,,,,
OakCrk,Town of Oak Creek Public Works,2011,797,261,292.35,Yampa,Routt,1,,,,
OakCrk,Town of Oak Creek Public Works,2012,797,261,292.35,Yampa,Routt,1,,,,
OakCrk,Town of Oak Creek Public Works,2013,797,261,292.35,Yampa,Routt,1,,,,
OakCrk,Town of Oak Creek Public Works,2014,797,261,292.35,Yampa,Routt,1,,,,
OakCrk,Town of Oak Creek Public Works,2015,797,261,292.35,Yampa,Routt,1,,,,
Rangely,Town of Rangely,2000,2450,767,279.48,Yampa,Rio Blanco,1,,,,
Rangely,Town of Rangely,2001,2450,767,279.48,Yampa,Rio Blanco,1,,,,
Rangely,Town of Rangely,2002,2450,767,279.48,Yampa,Rio Blanco,1,,,,
Rangely,Town of Rangely,2003,2450,767,279.48,Yampa,Rio Blanco,1,,,,
Rangely,Town of Rangely,2004,2450,767,279.48,Yampa,Rio Blanco,1,,,,
Rangely,Town of Rangely,2005,2450,767,279.48,Yampa,Rio Blanco,1,,,,
Rangely,Town of Rangely,2006,2038,767,335.98,Yampa,Rio Blanco,1,,,,
Rangely,Town of Rangely,2007,2038,767,335.98,Yampa,Rio Blanco,1,,,,
Rangely,Town of Rangely,2008,2196,683,277.66,Yampa,Rio Blanco,1,,,,
Rangely,Town of Rangely,2009,2196,683,277.66,Yampa,Rio Blanco,1,,,,
Rangely,Town of Rangely,2010,2196,683,277.66,Yampa,Rio Blanco,1,,,,
Rangely,Town of Rangely,2011,2196,683,277.66,Yampa,Rio Blanco,1,,,,
Rangely,Town of Rangely,2012,2196,683,277.66,Yampa,Rio Blanco,1,,,,
Rangely,Town of Rangely,2013,2196,683,277.66,Yampa,Rio Blanco,1,,,,
Rangely,Town of Rangely,2014,2196,683,277.66,Yampa,Rio Blanco,1,,,,
Rangely,Town of Rangely,2015,2196,683,277.66,Yampa,Rio Blanco,1,,,,
SteamboatSpgs,City of Steamboat Springs,2000,9354,1350,128.84,Yampa,Routt,1,,,,
SteamboatSpgs,City of Steamboat Springs,2001,9354,1350,128.84,Yampa,Routt,1,,,,
SteamboatSpgs,City of Steamboat Springs,2002,9354,1350,128.84,Yampa,Routt,1,,,,
SteamboatSpgs,City of Steamboat Springs,2003,9354,1350,128.84,Yampa,Routt,1,,,,
SteamboatSpgs,City of Steamboat Springs,2004,9354,1350,128.84,Yampa,Routt,1,,,,
SteamboatSpgs,City of Steamboat Springs,2005,9354,1350,128.84,Yampa,Routt,1,,,,
SteamboatSpgs,City of Steamboat Springs,2006,9354,1350,128.84,Yampa,Routt,1,,,,
SteamboatSpgs,City of Steamboat Springs,2007,9354,1350,128.84,Yampa,Routt,1,,,,
SteamboatSpgs,City of Steamboat Springs,2008,11362,3141,246.79,Yampa,Routt,1,,,,
SteamboatSpgs,City of Steamboat Springs,2009,11362,3141,246.79,Yampa,Routt,1,,,,
SteamboatSpgs,City of Steamboat Springs,2010,11362,3141,246.79,Yampa,Routt,1,,,,
SteamboatSpgs,City of Steamboat Springs,2011,11362,3141,246.79,Yampa,Routt,1,,,,
SteamboatSpgs,City of Steamboat Springs,2012,11362,3141,246.79,Yampa,Routt,1,,,,
SteamboatSpgs,City of Steamboat Springs,2013,11362,3141,246.79,Yampa,Routt,1,,,,
SteamboatSpgs,City of Steamboat Springs,2014,11362,3141,246.79,Yampa,Routt,1,,,,
SteamboatSpgs,City of Steamboat Springs,2015,11362,3141,246.79,Yampa,Routt,1,,,,
Yampa,Town of Yampa,2000,443,121,243.84,Yampa,Routt,1,,,,
Yampa,Town of Yampa,2001,443,121,243.84,Yampa,Routt,1,,,,
Yampa,Town of Yampa,2002,443,121,243.84,Yampa,Routt,1,,,,
Yampa,Town of Yampa,2003,443,121,243.84,Yampa,Routt,1,,,,
Yampa,Town of Yampa,2004,443,121,243.84,Yampa,Routt,1,,,,
Yampa,Town of Yampa,2005,443,121,243.84,Yampa,Routt,1,,,,
Yampa,Town of Yampa,2006,416,121,259.67,Yampa,Routt,1,,,,
Yampa,Town of Yampa,2007,416,121,259.67,Yampa,Routt,1,,,,
Yampa,Town of Yampa,2008,416,121,259.67,Yampa,Routt,1,,,,
Yampa,Town of Yampa,2009,416,121,259.67,Yampa,Routt,1,,,,
Yampa,Town of Yampa,2010,416,121,259.67,Yampa,Routt,1,,,,
Yampa,Town of Yampa,2011,416,121,259.67,Yampa,Routt,1,,,,
Yampa,Town of Yampa,2012,416,121,259.67,Yampa,Routt,1,,,,
Yampa,Town of Yampa,2013,416,121,259.67,Yampa,Routt,1,,,,
Yampa,Town of Yampa,2014,416,121,259.67,Yampa,Routt,1,,,,
Yampa,Town of Yampa,2015,416,121,259.67,Yampa,Routt,1,,,,
